DAY,MONTH,BELGIUM,VLAANDEREN,WALLONIE,BRUSSELS,PROVINCIE ANTWERPEN,PROVINCIE VLAAMS BRABANT,PROVINCE BRABANT WALLON,PROVINCIE WEST VLAANDEREN,PROVINCIE OOST VLAANDEREN,PROVINCE HAINAUT,PROVINCE LIEGE,PROVINCIE LIMBURG,PROVINCE LUXEMBOURG,PROVINCE NAMUR
1,1,58344,31451,15080,11813,10583,4531,1291,5116,6955,5236,6083,4266,941,1529
2,1,31106,17759,9568,3779,5020,3083,1101,3213,4031,3647,2925,2412,737,1158
3,1,31856,18394,9879,3583,5201,3048,1061,3457,4244,3679,3044,2444,739,1356
4,1,31983,18620,10068,3295,5192,3178,1057,3370,4318,3814,3041,2562,804,1352
5,1,33064,19138,10168,3758,5426,3233,1015,3481,4407,3797,3118,2591,820,1418
6,1,31504,18202,10076,3226,5201,3119,1154,3294,4230,3808,2967,2358,809,1338
7,1,31441,18155,10014,3272,5167,3151,1106,3273,4235,3664,2982,2329,815,1447
8,1,31157,17992,9974,3191,5014,3154,1115,3341,4144,3659,3014,2339,816,1370
9,1,30569,17620,9726,3223,4923,3097,1035,3170,4028,3545,3028,2402,788,1330
10,1,33389,19171,10434,3784,5445,3372,1151,3365,4434,3784,3187,2555,814,1498
11,1,30918,17794,9871,3253,5024,3062,1098,3318,4047,3653,2979,2343,772,1369
12,1,31746,18240,10161,3345,5048,3248,1069,3290,4215,3768,3068,2439,809,1447
13,1,30335,17599,9677,3059,4913,3051,1022,3159,4098,3614,2891,2378,810,1340
14,1,30909,17773,9971,3165,4973,3136,1140,3246,4046,3613,3013,2372,829,1376
15,1,33452,19262,10373,3817,5473,3385,1104,3451,4387,3813,3227,2566,789,1440
16,1,30840,17751,9920,3169,5013,3094,1072,3225,4058,3781,2905,2361,782,1380
17,1,31037,18143,9760,3134,5033,3133,1077,3196,4369,3530,2971,2412,825,1357
18,1,31434,18259,10011,3164,5093,3234,1088,3292,4184,3786,3013,2456,779,1345
19,1,30868,17842,9855,3171,4998,3095,1083,3324,4054,3689,2968,2371,767,1348
20,1,33266,19205,10365,3696,5388,3287,1146,3449,4511,3833,3165,2570,804,1417
21,1,31846,18594,10053,3199,5170,3265,1166,3457,4236,3680,2978,2466,817,1412
22,1,31418,18303,9820,3295,5176,3201,1101,3307,4194,3644,2962,2425,792,1321
23,1,31190,18134,9783,3273,5107,3266,1150,3271,4227,3548,2945,2263,805,1335
24,1,31098,18235,9755,3108,5080,3246,1095,3338,4274,3649,2891,2297,822,1298
25,1,31998,18558,10057,3383,5142,3171,1092,3358,4389,3717,3073,2498,773,1402
26,1,31676,18460,9936,3280,5126,3218,1045,3402,4268,3721,3035,2446,753,1382
27,1,31183,18120,9861,3202,5152,3165,1079,3233,4179,3718,2928,2391,759,1377
28,1,31565,18359,9906,3300,5015,3197,1118,3360,4359,3639,3073,2428,764,1312
29,1,31003,18034,9790,3179,5091,3069,1108,3312,4181,3622,2938,2381,801,1321
30,1,31483,18414,9915,3154,5013,3201,1140,3366,4331,3627,2990,2503,816,1342
31,1,31348,18257,9993,3098,5144,3139,1110,3285,4148,3734,3029,2541,819,1301
1,2,34968,20224,10556,4188,5843,3347,1129,3562,4668,3897,3424,2804,763,1343
2,2,33660,19869,10176,3615,5697,3396,1134,3531,4660,3748,3157,2585,798,1339
3,2,32000,18730,9902,3368,5282,3258,1072,3329,4293,3728,3033,2568,745,1324
4,2,32156,18829,10132,3195,5271,3212,1105,3458,4318,3774,3113,2570,802,1338
5,2,32707,18932,10280,3495,5212,3210,1107,3491,4495,3751,3174,2524,835,1413
6,2,31990,18682,10084,3224,5156,3223,1123,3418,4366,3676,3134,2519,810,1341
7,2,31382,18332,9848,3202,5284,3126,1083,3308,4207,3685,2940,2407,791,1349
8,2,31770,18552,10028,3190,5195,3224,1102,3376,4269,3815,2944,2488,804,1363
9,2,31474,18402,9892,3180,5091,3278,1046,3268,4333,3652,3059,2432,746,1389
10,2,33536,19555,10400,3581,5495,3466,1169,3508,4538,3692,3295,2548,806,1438
11,2,32030,18679,10144,3207,5175,3289,1104,3400,4309,3687,3143,2506,831,1379
12,2,32229,18744,10161,3324,5340,3259,1125,3428,4295,3761,3151,2422,803,1321
13,2,30905,17894,9838,3173,4995,3124,1096,3243,4089,3691,2931,2443,808,1312
14,2,32338,19067,10098,3173,5387,3346,1131,3428,4466,3828,3031,2440,772,1336
15,2,32795,18980,10240,3575,5257,3378,1186,3352,4394,3755,3136,2599,826,1337
16,2,31550,18417,9978,3155,5175,3268,1105,3291,4216,3742,2955,2467,809,1367
17,2,31675,18553,9898,3224,5244,3159,1091,3415,4324,3694,2881,2411,858,1374
18,2,31965,18772,9979,3214,5260,3241,1082,3458,4325,3672,3052,2488,822,1351
19,2,31271,18340,9860,3071,5191,3214,1122,3266,4177,3606,2932,2492,812,1388
20,2,33143,19248,10353,3542,5307,3423,1178,3455,4527,3785,3170,2536,889,1331
21,2,31513,18499,9967,3047,5142,3300,1148,3359,4294,3638,2946,2404,794,1441
22,2,32105,18728,10159,3218,5141,3221,1200,3499,4358,3791,3028,2509,799,1341
23,2,31492,18655,9652,3185,5137,3317,1085,3320,4380,3549,2921,2501,745,1352
24,2,31458,18412,9792,3254,5126,3323,1069,3323,4301,3566,2980,2339,800,1377
25,2,32202,18879,10058,3265,5202,3322,1109,3504,4275,3661,3054,2576,812,1422
26,2,31801,18459,10109,3233,5180,3166,1154,3429,4245,3719,3049,2439,834,1353
27,2,31033,18064,9849,3120,5050,3096,1091,3332,4157,3653,2969,2429,818,1318
28,2,32401,18840,10234,3327,5281,3306,1150,3350,4354,3817,3057,2549,852,1358
29,2,7220,4114,2381,725,1191,729,252,758,964,898,710,472,176,345
1,3,35691,20700,10891,4100,5816,3547,1152,3693,4777,3991,3418,2867,899,1431
2,3,32541,19022,10030,3489,5303,3301,1154,3551,4310,3707,3015,2557,830,1324
3,3,33080,19223,10300,3557,5531,3345,1198,3506,4368,3758,3082,2473,841,1421
4,3,32360,18965,10125,3270,5372,3329,1096,3323,4416,3716,3107,2525,827,1379
5,3,32543,19144,9954,3445,5384,3373,1144,3472,4344,3667,2996,2571,782,1365
6,3,32291,18906,10030,3355,5265,3191,1116,3531,4419,3697,3067,2500,833,1317
7,3,31907,18835,9844,3228,5202,3240,1112,3462,4325,3638,2951,2606,827,1316
8,3,32104,18793,9964,3347,5323,3189,1156,3388,4376,3564,3021,2517,841,1382
9,3,31649,18583,9957,3109,5109,3285,1142,3476,4188,3708,2959,2525,782,1366
10,3,33574,19610,10247,3717,5586,3328,1146,3546,4498,3732,3130,2652,865,1374
11,3,31660,18536,9903,3221,5153,3289,1032,3366,4264,3653,3093,2464,740,1385
12,3,32266,18899,10063,3304,5243,3348,1154,3499,4311,3755,2960,2498,811,1383
13,3,31452,18239,10029,3184,5002,3217,1189,3303,4254,3633,3018,2463,806,1383
14,3,31909,18645,10069,3195,5090,3259,1087,3507,4350,3723,3064,2439,795,1400
15,3,33542,19515,10367,3660,5433,3309,1121,3544,4604,3783,3215,2625,850,1398
16,3,31948,18818,9846,3284,5229,3232,1091,3505,4342,3680,2940,2510,748,1387
17,3,31812,18796,9970,3046,5348,3177,1135,3514,4346,3621,3028,2411,859,1327
18,3,31743,18701,9819,3223,5274,3237,1078,3499,4313,3569,2978,2378,826,1368
19,3,31674,18448,10050,3176,5200,3299,1180,3287,4266,3665,3035,2396,794,1376
20,3,32837,19176,10206,3455,5342,3353,1130,3538,4367,3773,3109,2576,817,1377
21,3,32918,19472,10093,3353,5548,3351,1164,3582,4538,3704,2986,2453,835,1404
22,3,31905,18758,9978,3169,5175,3148,1117,3501,4393,3699,2976,2541,832,1354
23,3,32350,18829,10189,3332,5308,3293,1146,3384,4296,3719,3097,2548,823,1404
24,3,31667,18602,9945,3120,5144,3312,1103,3424,4265,3607,3019,2457,790,1426
25,3,33022,19454,10170,3398,5379,3520,1118,3516,4506,3811,3099,2533,801,1341
26,3,32001,18692,10103,3206,5234,3294,1133,3346,4349,3653,3126,2469,758,1433
27,3,31694,18590,9887,3217,5140,3278,1095,3450,4207,3678,2934,2515,825,1355
28,3,31966,18744,9920,3302,5328,3209,1119,3475,4266,3646,2978,2466,803,1374
29,3,31899,18756,9996,3147,5155,3286,1162,3537,4299,3664,3030,2479,795,1345
30,3,32538,19106,10203,3229,5402,3287,1179,3483,4370,3750,3028,2564,787,1459
31,3,31287,18531,9699,3057,5235,3211,1112,3373,4250,3432,3010,2462,812,1333
1,4,33850,19471,10392,3987,5514,3438,1166,3330,4555,3756,3270,2634,801,1399
2,4,32687,19195,10129,3363,5371,3437,1123,3478,4392,3717,3113,2517,814,1362
3,4,32544,18937,10040,3567,5207,3273,1150,3442,4400,3708,3017,2615,824,1341
4,4,32781,19268,10067,3446,5249,3382,1117,3556,4433,3748,3063,2648,791,1348
5,4,32164,18758,10055,3351,5271,3181,1160,3425,4334,3590,3065,2547,813,1427
6,4,32017,18914,9869,3234,5317,3301,1095,3469,4383,3634,3006,2444,791,1343
7,4,31759,18593,9882,3284,5317,3221,1136,3297,4343,3537,3114,2415,789,1306
8,4,31982,18659,10038,3285,5178,3202,1194,3471,4389,3629,3038,2419,790,1387
9,4,31550,18537,9797,3216,5048,3276,1176,3438,4257,3574,2877,2518,801,1369
10,4,33688,19590,10494,3604,5521,3413,1158,3467,4560,3814,3296,2629,852,1374
11,4,31886,18663,10034,3189,5108,3227,1169,3430,4436,3722,2906,2462,855,1382
12,4,32221,18947,10015,3259,5299,3353,1155,3337,4407,3681,3074,2551,784,1321
13,4,31059,18265,9665,3129,5036,3122,1116,3316,4299,3649,2844,2492,762,1294
14,4,32494,19089,10046,3359,5239,3421,1218,3437,4475,3662,2993,2517,795,1378
15,4,33583,19642,10342,3599,5522,3380,1165,3536,4572,3758,3232,2632,783,1404
16,4,31941,18716,9968,3257,5131,3351,1084,3415,4350,3627,3094,2469,803,1360
17,4,32007,18798,10008,3201,5198,3272,1162,3450,4346,3658,2957,2532,832,1399
18,4,32320,18767,10228,3325,5203,3307,1186,3372,4448,3688,3051,2437,858,1445
19,4,31991,18709,10046,3236,5164,3300,1119,3434,4276,3655,3025,2535,841,1406
20,4,34045,19928,10555,3562,5642,3421,1151,3562,4567,3895,3262,2736,851,1396
21,4,32407,19353,9889,3165,5390,3404,1087,3496,4452,3682,3005,2611,759,1356
22,4,32865,19298,10341,3226,5305,3309,1150,3579,4566,3834,3097,2539,815,1445
23,4,32353,19075,10043,3235,5187,3474,1165,3464,4398,3725,2965,2552,806,1382
24,4,32765,19120,10283,3362,5343,3395,1168,3518,4382,3868,3094,2482,783,1370
25,4,33565,19508,10531,3526,5427,3442,1174,3571,4487,3837,3150,2581,884,1486
26,4,32615,19083,10184,3348,5311,3323,1116,3481,4412,3774,3106,2556,867,1321
27,4,32730,19175,10269,3286,5337,3397,1218,3503,4396,3726,3112,2542,822,1391
28,4,33009,19538,10207,3264,5406,3502,1141,3578,4539,3721,3096,2513,834,1415
29,4,32641,19049,10332,3260,5321,3338,1245,3551,4365,3735,3058,2474,853,1441
30,4,32834,19250,10177,3407,5328,3347,1247,3608,4465,3724,2987,2502,824,1395
1,5,31308,18181,9235,3892,5229,3169,997,3105,4174,3393,2942,2504,722,1181
2,5,32788,19089,10152,3547,5414,3256,1189,3445,4469,3629,3103,2505,836,1395
3,5,33805,19712,10622,3471,5655,3409,1166,3569,4367,3919,3222,2712,856,1459
4,5,33298,19544,10337,3417,5476,3387,1225,3465,4573,3707,3134,2643,816,1455
5,5,34943,20465,10655,3823,5796,3544,1200,3771,4646,3908,3296,2708,819,1432
6,5,33535,19459,10608,3468,5391,3408,1244,3499,4515,3859,3201,2646,816,1488
7,5,32948,19229,10330,3389,5437,3379,1242,3535,4460,3757,3101,2418,869,1361
8,5,32848,19095,10295,3458,5317,3442,1226,3474,4376,3822,3086,2486,789,1372
9,5,32383,18978,10060,3345,5493,3354,1177,3447,4253,3683,2982,2431,796,1422
10,5,35440,20547,11036,3857,5804,3557,1266,3656,4740,4014,3416,2790,863,1477
11,5,33317,19576,10384,3357,5524,3492,1186,3487,4412,3688,3127,2661,886,1497
12,5,32754,19183,10211,3360,5454,3373,1201,3436,4383,3670,3129,2537,802,1409
13,5,32288,18850,10006,3432,5328,3342,1130,3324,4385,3689,3009,2471,754,1424
14,5,33196,19389,10402,3405,5467,3489,1188,3367,4597,3799,3128,2469,808,1479
15,5,34285,19928,10521,3836,5621,3521,1147,3589,4598,3873,3297,2599,805,1399
16,5,32012,18769,9930,3313,5187,3355,1121,3430,4265,3639,3016,2532,820,1334
17,5,32393,19028,10094,3271,5323,3343,1168,3411,4419,3686,3074,2532,781,1385
18,5,32664,19107,10188,3369,5434,3364,1134,3441,4423,3787,3069,2445,800,1398
19,5,31989,18780,9961,3248,5262,3271,1124,3383,4335,3566,3042,2529,858,1371
20,5,33297,19441,10116,3740,5546,3427,1205,3519,4370,3683,3112,2579,821,1295
21,5,31745,18572,9947,3226,5203,3292,1143,3354,4341,3646,2916,2382,853,1389
22,5,32572,19083,10157,3332,5405,3405,1211,3396,4336,3664,3091,2541,831,1360
23,5,32206,18806,10109,3291,5234,3300,1144,3306,4421,3776,3005,2545,802,1382
24,5,31344,18300,9809,3235,5103,3284,1131,3309,4164,3602,2903,2440,808,1365
25,5,33458,19583,10245,3630,5597,3407,1143,3520,4526,3679,3086,2533,859,1478
26,5,32150,18826,9987,3337,5228,3330,1159,3422,4449,3697,3023,2397,753,1355
27,5,31894,18750,9809,3335,5225,3296,1156,3385,4420,3607,2898,2424,788,1360
28,5,31732,18568,9894,3270,5267,3348,1168,3285,4260,3646,2893,2408,759,1428
29,5,31495,18484,9875,3136,5136,3239,1167,3407,4223,3597,2992,2479,786,1333
30,5,32029,18710,10049,3270,5182,3273,1086,3431,4335,3784,2966,2489,851,1362
31,5,31063,18304,9699,3060,5109,3237,1159,3343,4172,3455,2984,2443,798,1303
1,6,34606,20117,10549,3940,5803,3443,1175,3479,4678,3917,3261,2714,821,1375
2,6,32561,19010,10100,3451,5356,3369,1141,3459,4329,3691,3044,2497,838,1386
3,6,32791,19162,10292,3337,5462,3424,1199,3477,4296,3756,3115,2503,887,1335
4,6,32088,18830,9944,3314,5303,3255,1152,3341,4433,3682,2990,2498,790,1330
5,6,32654,19090,10080,3484,5422,3273,1193,3512,4347,3682,2984,2536,835,1386
6,6,32907,19051,10258,3598,5393,3356,1195,3422,4344,3791,2997,2536,829,1446
7,6,32137,18709,10069,3359,5181,3330,1164,3380,4311,3766,2938,2507,804,1397
8,6,32023,18682,9967,3374,5393,3293,1173,3373,4156,3607,3059,2467,816,1312
9,6,31715,18645,9845,3225,5318,3293,1180,3385,4286,3518,2965,2363,798,1384
10,6,33754,19571,10471,3712,5555,3465,1191,3416,4511,3837,3223,2624,843,1377
11,6,32140,18831,10032,3277,5166,3302,1128,3415,4352,3674,3071,2596,802,1357
12,6,32222,18774,10049,3399,5267,3261,1146,3429,4328,3697,2951,2489,815,1440
13,6,31533,18314,10047,3172,5214,3223,1095,3278,4192,3696,3001,2407,858,1397
14,6,32320,18819,10261,3240,5297,3283,1214,3402,4355,3807,3032,2482,821,1387
15,6,34060,19719,10654,3687,5589,3443,1161,3500,4548,3809,3384,2639,830,1470
16,6,32493,18838,10289,3366,5302,3262,1164,3376,4431,3719,3145,2467,818,1443
17,6,32080,18609,10247,3224,5244,3343,1131,3302,4261,3730,3059,2459,832,1495
18,6,32452,18745,10304,3403,5178,3306,1199,3387,4384,3792,3093,2490,838,1382
19,6,32079,18603,10211,3265,5199,3388,1137,3290,4303,3742,3151,2423,838,1343
20,6,33379,19342,10423,3614,5391,3401,1103,3493,4468,3877,3155,2589,835,1453
21,6,32579,19063,10164,3352,5437,3353,1164,3438,4289,3761,3062,2546,841,1336
22,6,32451,18875,10204,3372,5179,3344,1194,3438,4357,3717,3055,2557,794,1444
23,6,32060,18491,10264,3305,5146,3279,1153,3288,4244,3753,3147,2534,868,1343
24,6,32445,18941,10235,3269,5394,3381,1143,3386,4250,3870,3076,2530,769,1377
25,6,32958,18975,10492,3491,5388,3327,1233,3366,4398,3814,3216,2496,834,1395
26,6,33098,19154,10516,3428,5427,3290,1214,3573,4376,3784,3279,2488,833,1406
27,6,32634,18998,10363,3273,5295,3256,1203,3432,4446,3775,3088,2569,807,1490
28,6,32464,18924,10341,3199,5275,3359,1194,3422,4372,3761,3134,2496,822,1430
29,6,32459,18873,10320,3266,5340,3277,1219,3403,4328,3784,3050,2525,834,1433
30,6,32669,18883,10298,3488,5333,3297,1160,3419,4380,3745,3096,2454,808,1489
1,7,85710,41398,18882,25430,17057,6474,1962,5406,7971,6740,7292,4490,993,1895
2,7,32877,19054,10284,3539,5372,3338,1086,3390,4401,3776,3170,2553,826,1426
3,7,32563,19025,10223,3315,5304,3341,1156,3452,4414,3767,3113,2514,823,1364
4,7,31661,18528,9900,3233,5231,3280,1190,3293,4168,3643,2955,2556,786,1326
5,7,32913,19049,10402,3462,5342,3331,1177,3402,4405,3730,3195,2569,815,1485
6,7,32710,19174,10222,3314,5463,3353,1104,3439,4350,3777,3125,2569,830,1386
7,7,33374,19427,10396,3551,5472,3443,1205,3583,4358,3844,3115,2571,835,1397
8,7,32615,19035,10193,3387,5416,3347,1146,3342,4381,3714,3134,2549,789,1410
9,7,32095,18772,10036,3287,5223,3234,1136,3517,4334,3604,3071,2464,823,1402
10,7,33671,19633,10377,3661,5598,3428,1171,3557,4555,3809,3163,2495,820,1414
11,7,31674,18018,10280,3376,4847,3222,1213,3425,4136,3726,3095,2388,883,1363
12,7,32698,18976,10336,3386,5275,3374,1114,3477,4351,3821,3162,2499,852,1387
13,7,32035,18511,10219,3305,5134,3259,1136,3366,4349,3758,3139,2403,781,1405
14,7,32927,19251,10374,3302,5479,3373,1246,3484,4405,3774,3009,2510,911,1434
15,7,33985,19705,10610,3670,5638,3422,1162,3522,4484,3922,3242,2639,829,1455
16,7,32149,18529,10246,3374,5190,3291,1173,3407,4197,3804,2997,2444,820,1452
17,7,32679,18879,10418,3382,5286,3377,1179,3406,4363,3806,3123,2447,839,1471
18,7,32280,18806,10225,3249,5285,3314,1145,3414,4390,3784,3040,2403,828,1428
19,7,32574,18853,10454,3267,5371,3297,1178,3418,4226,3763,3168,2541,897,1448
20,7,33712,19588,10478,3646,5500,3474,1147,3545,4503,3838,3227,2566,822,1444
21,7,27853,16227,8649,2977,4576,2845,1064,2894,3648,3034,2641,2264,709,1201
22,7,31959,18512,10116,3331,5194,3224,1108,3381,4258,3702,3078,2455,845,1383
23,7,33032,19064,10577,3391,5428,3367,1201,3466,4266,3911,3102,2537,839,1524
24,7,32564,18784,10546,3234,5254,3363,1208,3395,4287,3864,3170,2485,847,1457
25,7,33043,19077,10495,3471,5446,3477,1197,3357,4222,3858,3100,2575,879,1461
26,7,32774,18995,10432,3347,5278,3337,1160,3445,4484,3876,3077,2451,834,1485
27,7,33161,19170,10619,3372,5462,3339,1194,3444,4401,3887,3242,2524,849,1447
28,7,32541,18922,10331,3288,5217,3339,1201,3429,4403,3780,3076,2534,858,1416
29,7,32448,18846,10324,3278,5240,3329,1241,3506,4336,3705,3103,2435,812,1463
30,7,31987,18846,9990,3151,5260,3333,1116,3410,4299,3682,3012,2544,829,1351
31,7,31688,18529,10031,3128,5172,3258,1108,3380,4266,3678,3064,2453,765,1416
1,8,34328,19856,10683,3789,5735,3414,1138,3488,4618,3953,3405,2601,849,1338
2,8,32207,18721,10082,3404,5224,3311,1142,3362,4263,3714,3037,2561,854,1335
3,8,32302,18810,10198,3294,5453,3318,1158,3243,4322,3772,3110,2474,788,1370
4,8,32259,18749,10253,3257,5314,3412,1141,3330,4164,3755,3069,2529,833,1455
5,8,32422,18827,10167,3428,5339,3333,1146,3318,4393,3758,3104,2444,778,1381
6,8,32124,18588,10154,3382,5226,3348,1115,3323,4197,3619,3199,2494,820,1401
7,8,32315,18741,10320,3254,5326,3266,1123,3297,4388,3876,3057,2464,871,1393
8,8,32832,19047,10319,3466,5287,3370,1145,3452,4413,3793,3249,2525,800,1332
9,8,31499,18335,10035,3129,5189,3187,1098,3229,4267,3697,3065,2463,822,1353
10,8,33600,19390,10548,3662,5548,3339,1184,3456,4366,3850,3250,2681,810,1454
11,8,32146,18669,10284,3193,5286,3298,1135,3401,4241,3819,3114,2443,825,1391
12,8,32668,18958,10367,3343,5364,3241,1212,3394,4519,3791,3154,2440,820,1390
13,8,31858,18448,10059,3351,5134,3278,1119,3300,4264,3730,3028,2472,815,1367
14,8,31861,18556,10049,3256,5207,3256,1144,3369,4252,3672,3005,2472,815,1413
15,8,28404,16275,8724,3405,4636,2890,947,2814,3678,3276,2665,2257,724,1112
16,8,30569,17783,9662,3124,4949,3018,1033,3316,4169,3649,2860,2331,724,1396
17,8,31647,18472,9961,3214,5295,3165,1094,3363,4199,3701,2956,2450,857,1353
18,8,31851,18554,10001,3296,5170,3379,1078,3327,4156,3764,3081,2522,739,1339
19,8,31761,18376,10167,3218,5118,3216,1162,3319,4260,3820,2987,2463,820,1378
20,8,32898,19124,10289,3485,5312,3317,1133,3460,4414,3826,3135,2621,811,1384
21,8,31280,18066,10023,3191,5046,3216,1077,3279,4181,3678,3094,2344,798,1376
22,8,31089,18106,9815,3168,4908,3205,1110,3261,4223,3645,2995,2509,763,1302
23,8,31209,18272,9781,3156,5201,3233,1107,3273,4125,3606,2987,2440,776,1305
24,8,31485,18147,10098,3240,5085,3248,1078,3275,4200,3802,3016,2339,803,1399
25,8,31843,18442,9981,3420,5272,3240,1131,3245,4206,3733,2979,2479,779,1359
26,8,31335,18109,10058,3168,5113,3089,1140,3291,4175,3647,3043,2441,830,1398
27,8,31092,18102,9835,3155,5142,3218,1075,3249,4098,3752,2903,2395,760,1345
28,8,32009,18565,10092,3352,5258,3296,1154,3358,4282,3694,3044,2371,812,1388
29,8,30866,17989,9804,3073,4965,3223,1100,3215,4167,3668,2883,2419,766,1387
30,8,31046,18147,9748,3151,5165,3197,1096,3296,4148,3673,2860,2341,799,1320
31,8,30297,17545,9759,2993,4880,3048,1068,3085,4125,3612,2939,2407,777,1363
1,9,32604,18786,10166,3652,5366,3323,1053,3289,4342,3774,3156,2466,804,1379
2,9,31284,18237,9816,3231,5179,3202,1139,3259,4119,3663,2955,2478,793,1266
3,9,31311,18019,10054,3238,5025,3158,1129,3262,4184,3694,2979,2390,828,1424
4,9,31278,18107,9952,3219,5122,3229,1159,3311,4084,3718,2985,2361,728,1362
5,9,32005,18511,10089,3405,5169,3276,1115,3340,4244,3702,3050,2482,831,1391
6,9,31601,18361,9990,3250,5089,3282,1106,3250,4262,3783,2969,2478,752,1380
7,9,31716,18373,10130,3213,5093,3323,1120,3281,4229,3775,3014,2447,819,1402
8,9,31655,18379,10063,3213,5211,3236,1124,3303,4161,3719,3063,2468,813,1344
9,9,32060,18531,10240,3289,5280,3191,1131,3239,4344,3764,3100,2477,820,1425
10,9,33289,19186,10504,3599,5439,3314,1157,3466,4409,3861,3207,2558,871,1408
11,9,31771,18481,10075,3215,5268,3255,1124,3226,4288,3757,3030,2444,795,1369
12,9,31988,18491,10197,3300,5096,3256,1189,3415,4220,3759,3105,2504,801,1343
13,9,31727,18314,10148,3265,5221,3231,1117,3236,4225,3749,3012,2401,837,1433
14,9,32289,18681,10364,3244,5221,3322,1162,3358,4271,3857,3108,2509,796,1441
15,9,33887,19490,10771,3626,5515,3373,1182,3445,4606,3983,3293,2551,824,1489
16,9,32684,19015,10360,3309,5242,3349,1170,3447,4444,3776,3154,2533,817,1443
17,9,32458,18830,10344,3284,5276,3365,1193,3412,4309,3832,3027,2468,868,1424
18,9,32066,18423,10295,3348,5165,3320,1152,3269,4290,3825,3096,2379,792,1430
19,9,32425,18711,10318,3396,5214,3428,1204,3325,4236,3807,3107,2508,809,1391
20,9,33696,19366,10722,3608,5488,3387,1209,3341,4598,4000,3225,2552,821,1467
21,9,33072,19155,10481,3436,5429,3382,1168,3365,4457,3890,3114,2522,832,1477
22,9,32664,18897,10476,3291,5265,3315,1187,3523,4335,3900,3141,2459,851,1397
23,9,32435,18717,10407,3311,5246,3333,1147,3360,4397,3808,3162,2381,864,1426
24,9,32554,18614,10599,3341,5157,3286,1164,3330,4356,3996,3159,2485,835,1445
25,9,33142,19116,10601,3425,5255,3381,1137,3487,4482,3881,3230,2511,852,1501
26,9,32313,18459,10530,3324,5078,3246,1162,3332,4346,3859,3172,2457,849,1488
27,9,32131,18602,10128,3401,5258,3396,1185,3252,4218,3756,2973,2478,817,1397
28,9,32282,18614,10356,3312,5243,3362,1177,3282,4380,3844,3062,2347,810,1463
29,9,32279,18430,10440,3409,5249,3223,1203,3317,4218,3774,3151,2423,871,1441
30,9,32294,18750,10271,3273,5223,3283,1167,3489,4267,3792,3065,2488,836,1411
1,10,34694,20049,10645,4000,5704,3369,1187,3515,4690,3908,3286,2771,851,1413
2,10,32180,18708,10072,3400,5350,3284,1131,3330,4330,3694,3052,2414,799,1396
3,10,31840,18161,10266,3413,4960,3218,1141,3233,4320,3743,3146,2430,851,1385
4,10,31482,18014,10051,3417,5082,3243,1153,3311,4044,3720,3010,2334,808,1360
5,10,31959,18419,10126,3414,5176,3294,1080,3389,4280,3783,3104,2280,806,1353
6,10,31669,18251,10182,3236,5157,3153,1147,3261,4248,3767,3136,2432,784,1348
7,10,31016,17852,9958,3206,5055,3162,1111,3234,4107,3582,3114,2294,747,1404
8,10,31443,18082,10061,3300,5069,3145,1097,3264,4253,3683,3083,2351,818,1380
9,10,30657,17571,9919,3167,4996,3130,1109,3150,3985,3788,2898,2310,827,1297
10,10,33655,19184,10539,3932,5611,3359,1170,3360,4351,3881,3243,2503,826,1419
11,10,30820,17846,9810,3164,4963,3249,1051,3141,4194,3613,2982,2299,797,1367
12,10,31124,18023,9948,3153,5128,3134,1145,3266,4171,3675,2973,2324,800,1355
13,10,30181,17369,9699,3113,4850,3111,1105,3116,3984,3601,2837,2308,804,1352
14,10,30929,17773,9890,3266,4990,3057,1117,3216,4199,3632,3031,2311,814,1296
15,10,31922,18188,10202,3532,5205,3202,1083,3210,4224,3770,3131,2347,801,1417
16,10,30491,17472,9784,3235,4939,3032,1061,3234,3988,3701,2862,2279,739,1421
17,10,29848,17106,9681,3061,4677,3121,1131,3141,3940,3544,3006,2227,684,1316
18,10,30081,17289,9587,3205,4850,2993,1120,3114,3947,3520,2899,2385,717,1331
19,10,30132,17282,9813,3037,4850,3036,1104,3095,4024,3725,2848,2277,749,1387
20,10,31759,18173,10107,3479,5183,3144,1128,3183,4248,3631,3170,2415,784,1394
21,10,30576,17625,9767,3184,4901,3102,1110,3127,4135,3545,3004,2360,754,1354
22,10,30291,17452,9703,3136,4913,3147,1048,3146,3916,3529,2957,2330,756,1413
23,10,30174,17472,9636,3066,5043,3038,1058,3135,4001,3555,2939,2255,723,1361
24,10,30167,17344,9697,3126,4931,3034,1111,3211,3929,3512,2960,2239,766,1348
25,10,31121,17801,10031,3289,5109,3177,1037,3138,4094,3744,3094,2283,807,1349
26,10,30492,17475,9870,3147,4905,3102,1102,3168,3980,3675,2961,2320,769,1363
27,10,30885,17773,10003,3109,4999,3129,1119,3218,4067,3739,3018,2360,749,1378
28,10,31052,17856,9907,3289,4937,3237,1100,3300,4146,3736,2904,2236,790,1377
29,10,30065,17332,9596,3137,4887,3098,1050,3129,3958,3564,2903,2260,776,1303
30,10,30447,17532,9780,3135,4925,3073,1117,3161,4022,3630,2937,2351,770,1326
31,10,29566,17171,9395,3000,4746,3075,1037,3151,3988,3498,2791,2211,752,1317
1,11,26250,15091,7991,3168,4322,2680,891,2581,3450,2960,2494,2058,606,1040
2,11,28263,16174,8972,3117,4623,2844,1001,2874,3662,3458,2651,2171,715,1147
3,11,29877,17247,9497,3133,4917,2980,1011,3088,3950,3559,2848,2312,760,1319
4,11,30107,17279,9671,3157,4824,3022,1086,3148,4053,3616,2894,2232,772,1303
5,11,30341,17559,9671,3111,5014,3129,1069,3075,4023,3561,2951,2318,781,1309
6,11,30236,17385,9738,3113,4924,3026,1123,3139,4085,3636,2884,2211,791,1304
7,11,30759,17503,9973,3283,5018,3086,1163,3137,3931,3744,2938,2331,773,1355
8,11,30587,17579,9864,3144,4902,3143,1071,3178,4060,3667,2986,2296,815,1325
9,11,30526,17527,9858,3141,5017,3067,1131,3175,4029,3736,2872,2239,737,1382
10,11,32013,18262,10171,3580,5156,3254,1118,3147,4327,3790,3081,2378,809,1373
11,11,26687,15171,8450,3066,4158,2791,976,2740,3468,3088,2529,2014,698,1159
12,11,30341,17360,9768,3213,4951,3037,1127,3156,3937,3592,2941,2279,785,1323
13,11,30179,17232,9881,3066,4863,3022,1126,3173,3888,3685,2941,2286,794,1335
14,11,30412,17318,9949,3145,4785,3103,1149,3119,4048,3725,2951,2263,781,1343
15,11,31412,18005,9972,3435,5145,3238,1091,3139,4181,3708,2990,2302,790,1393
16,11,30393,17317,9900,3176,4858,2997,1082,3154,4054,3764,2928,2254,814,1312
17,11,30165,17391,9773,3001,4822,3065,1091,3122,4100,3598,2927,2282,773,1384
18,11,30205,17246,9724,3235,4804,3075,1135,3110,4007,3570,2966,2250,779,1274
19,11,29999,17155,9783,3061,4921,2985,1089,3027,3998,3694,2851,2224,801,1348
20,11,30806,17555,9793,3458,5024,3050,1070,3075,4017,3561,3004,2389,821,1337
21,11,29752,17023,9662,3067,4754,2999,1113,3153,3911,3639,2833,2206,780,1297
22,11,29952,17318,9519,3115,4942,3018,1145,3189,3962,3486,2859,2207,755,1274
23,11,29771,17069,9528,3174,4783,2943,1077,3098,3991,3550,2927,2254,736,1238
24,11,29607,17023,9455,3129,4891,3040,1037,3002,3849,3524,2823,2241,760,1311
25,11,30289,17243,9757,3289,4841,3126,1046,2991,4055,3653,2942,2230,765,1351
26,11,29519,16830,9688,3001,4670,3047,1027,3019,3870,3594,2927,2224,783,1357
27,11,29496,16787,9657,3052,4791,2983,1064,2993,3878,3593,2887,2142,772,1341
28,11,29597,16974,9527,3096,4742,2988,1074,3024,3988,3550,2801,2232,768,1334
29,11,29177,16775,9370,3032,4667,2908,1028,3056,3876,3487,2705,2268,774,1376
30,11,30027,17316,9547,3164,4867,3017,1039,3179,4036,3468,2911,2217,800,1329
1,12,31833,18154,10018,3661,5250,3176,1078,3209,4186,3793,3015,2333,805,1327
2,12,30059,17178,9645,3236,4876,3025,1066,3068,3946,3609,2848,2263,768,1354
3,12,29581,17055,9412,3114,4774,3012,1046,3012,4006,3471,2913,2251,718,1264
4,12,29673,17014,9508,3151,4824,3087,1062,2992,3879,3515,2746,2232,771,1414
5,12,29860,17143,9462,3255,4895,2960,1078,3053,3989,3603,2782,2246,738,1261
6,12,29687,16992,9622,3073,4869,2936,1065,3127,3932,3596,2868,2128,790,1303
7,12,29472,16812,9571,3089,4725,2977,1058,3001,3907,3508,2937,2202,745,1323
8,12,30048,17269,9762,3017,4861,3039,1100,3135,3953,3614,2941,2281,768,1339
9,12,29827,17039,9725,3063,4869,3020,1102,3046,3882,3579,2870,2222,802,1372
10,12,31339,17824,10022,3493,5053,3112,1096,3195,4111,3686,3129,2353,782,1329
11,12,29780,17173,9523,3084,4775,3091,1052,3134,3961,3579,2855,2212,792,1245
12,12,31556,17866,10230,3460,5106,3114,1125,3181,4123,3736,3149,2342,805,1415
13,12,29553,16718,9741,3094,4613,2983,1092,2958,3939,3644,2938,2225,737,1330
14,12,30397,17438,9910,3049,4949,3056,1109,3120,3993,3722,2981,2320,785,1313
15,12,31888,18117,10320,3451,5095,3187,1132,3172,4197,3856,3153,2466,789,1390
16,12,31226,17702,10210,3314,5029,3081,1132,3220,4095,3828,3080,2277,831,1339
17,12,30875,17715,10075,3085,4904,3109,1133,3231,4170,3754,3045,2301,794,1349
18,12,31338,17842,10174,3322,5073,3207,1063,3209,4089,3793,3056,2264,812,1450
19,12,31099,17895,10040,3164,5042,3116,1104,3211,4147,3771,2994,2379,807,1364
20,12,32710,18510,10664,3536,5293,3216,1131,3325,4317,3970,3258,2359,880,1425
21,12,30842,17832,9855,3155,4995,3066,1128,3311,4143,3614,2945,2317,780,1388
22,12,31147,17981,9970,3196,5063,3137,1082,3236,4207,3793,2918,2338,777,1400
23,12,31237,18246,9814,3177,5233,3204,1082,3245,4185,3646,2936,2379,803,1347
24,12,28139,16140,8820,3179,4580,2906,965,2871,3712,3307,2659,2071,715,1174
25,12,26250,15139,7957,3154,4265,2743,835,2691,3461,3010,2442,1979,626,1044
26,12,28414,15863,9467,3084,4456,2823,1017,2858,3720,3555,2866,2006,692,1337
27,12,31474,18027,10235,3212,5089,3174,1207,3252,4200,3835,3086,2312,727,1380
28,12,31245,17624,10262,3359,5038,3075,1149,3155,4109,3785,3072,2247,844,1412
29,12,30814,17807,9884,3123,4956,3105,1124,3216,4225,3679,2925,2305,796,1360
30,12,31135,17938,9969,3228,5065,3247,1138,3203,4153,3584,3045,2270,846,1356
31,12,30614,17551,9353,3710,5123,2944,1004,3168,4128,3351,2908,2188,790,1300
